Joke ID,Joke,Used,Posted
1,Waking up this morning was an eye opening experience.,TRUE,TRUE
2,"It doesn't matter how much you push the envelope, it will still be stationary.",TRUE,TRUE
3,Why can't your nose be 12 inches long? Because then it'd be a foot!,TRUE,FALSE
4,How do the trees get on the internet? They log on.,TRUE,TRUE
5,Why was the broom late for the meeting? He overswept.,TRUE,TRUE
6,"I'm so good at winking, I can wink both my eyes at the same time.",TRUE,FALSE
7,"Two fish are in a tank, one turns to the other and says, 'how do you drive this thing?'",TRUE,TRUE
8,"Can I watch the TV? Dad: Yes, but don’t turn it on.",TRUE,TRUE
9,What do you call a troublesome Canadian high schooler? A poutine.,TRUE,TRUE
10,How did Darth Vader know what Luke was getting for Christmas? He felt his presents.,FALSE,
11,"My new thesaurus is terrible. In fact, it's so bad, I'd say it's terrible.",FALSE,
12,My dog used to chase people on a bike a lot. It got so bad I had to take his bike away.,FALSE,
13,This is my step ladder. I never knew my real ladder.,FALSE,
14,I went on a date last night with a girl from the zoo. It was great. She’s a keeper.,FALSE,
15,I'm so good at sleeping that I can do it with my eyes closed!,FALSE,
16,What invention allows us to see through walls? Windows.,FALSE,
17,"I have a joke about hunting for fossils, but you probably wouldn’t dig it.",FALSE,
18,To the person who stole my place in line: I’m after you now.,FALSE,
19,"I used to hate facial hair, but then it grew on me.",FALSE,
20,What do you call a fish with no eyes? Fsh.,FALSE,
21,There's not really any training for garbagemen. They just pick things up as they go.,FALSE,
22,What do you call a magician who has lost their magic? Ian.,FALSE,
23,What do you call a bear with no teeth? A gummy bear.,FALSE,
24,"Doctor you've got to help me, I'm addicted to Twitter. Doctor: I don't follow you.",FALSE,
25,Why can't the sailor learn the alphabet? Because he kept getting lost at C.,FALSE,
26,"I used to run a dating service for chickens, but I was struggling to make hens meet.",FALSE,
27,What is a witch's favorite subject in school? Spelling!,FALSE,
28,How do you organize a space party? You planet.,FALSE,
29,"I have a joke about construction, but I’m still working on it.",FALSE,
30,"It’s raining cats and dogs, so be careful not to step in a poodle.",FALSE,
31,What do birds give out on Halloween? Tweets.,FALSE,
32,"If money doesn’t grow on trees, then why do banks have branches?",FALSE,
33,To the person who stole my depression medication: I hope you're happy now.,FALSE,
34,What's brown and sticky? A stick.,FALSE,
35,"Every time I take my dog to the park, the ducks try to bite him. That’s what I get for buying a pure bread dog.",FALSE,
36,Me and my mates are in a band called Duvet. We're a cover band.,FALSE,
37,"I have a joke about a roof, but it would just go over your head.",FALSE,
38,What’s orange and sounds like a parrot? A carrot.,FALSE,
39,"Shout out to my grandma, that's the only way she can hear.",FALSE,
40,I finally watched that documentary on clocks. It was about time.,FALSE,
41,"I have a few jokes about retired people, but none of them work.",FALSE,
42,What kind of jewelry do rabbits wear? 14 carrot gold.,FALSE,
43,"What did one plate say to another plate? Tonight, dinner's on me.",FALSE,
44,What sits on the seabed and has anxiety? A nervous wreck.,FALSE,
45,My boss asked me why I only get sick on work days. I said it must be my weekend immune system.,FALSE,
46,I don't trust stairs. They're always up to something.,FALSE,
47,I'd avoid the sushi if I were you — it's a little fishy!,FALSE,
48,To the person who stole my diary and then died: My thoughts are with your family.,FALSE,
49,How come the stadium got hot after the game? Because all of the fans left.,FALSE,
50,Where do armies belong? In your sleeves.,FALSE,
51,Did you hear about the king that went to the dentist? He needed to get crowns.,FALSE,
52,A man walks into a bar and orders helicopter flavor chips. The barman replies “sorry mate we only do plain”,FALSE,
53,How do you make Lady Gaga cry? Poker face.,FALSE,
54,"My dog is a genius. I asked him, ""What's two minus two?"" He said nothing.",FALSE,
55,"Mom is mad at me because she asked me to sync her phone, so I threw it in the ocean.",FALSE,
56,"I can tolerate algebra, maybe even a little calculus but geometry is where I draw the line.",FALSE,
57,"I'll call you later. Don't call me later, call me Dad.",FALSE,
58,"6:30 is my favorite time of day, hands down.",FALSE,
59,I just paid $100 for a belt that doesn’t fit — what a huge waist!,FALSE,
60,"We’re renovating the house, and the first floor is going great, but the second floor is another story.",FALSE,
61,"It’s hard to explain puns to kleptomaniacs, because they take everything literally.",FALSE,
62,To the person who stole my glasses: I will find you. I have contacts.,FALSE,
63,Have you heard about the new corduroy pillows — they're making headlines!,FALSE,
64,"I wanted to eat a watch for lunch, but it was too time-consuming.",FALSE,
65,Why is the ocean always blue? Because the shore never waves back.,FALSE,
66,"Mom texted me from the grocery store to say they’re out of pasta, and we’re penneless.",FALSE,
67,Why did the coach go to the bank? To get his quarter back.,FALSE,
68,What do you call a man wearing a rug on his head? Matt.,FALSE,
69,"If you want a job in the moisturizer industry, the best advice I can give is to apply daily.",FALSE,
70,What’s the best air to breathe if you want to be rich? Millionaire.,FALSE,
71,"Mahatma Gandhi, as you know, walked barefoot most of the time, which produced an impressive set of calluses on his feet. 
He also ate very little, which made him rather frail and with his odd diet, he suffered from bad breath. 
This made him a super calloused fragile mystic hexed by halitosis.",FALSE,
72,"I was going to go on an expensive vacation with a classical pianist, but he was too baroque.",FALSE,
73,To the person who stole my bed: I won't rest until I find you.,FALSE,
74,"I have a scary joke about math, but I'm 2² to say it.",FALSE,
75,"I had a joke about canned juice, but I couldn't concentrate.",FALSE,
76,Your mom and I let astrology get between us. It just Taurus apart.,FALSE,
77,"Why do pirates not know the alphabet? They always get stuck at ""C"".",FALSE,
78,I tried to make up a joke about ghost but I couldn't. It had plenty of spirit but no body.,FALSE,
79,"The wedding was so beautiful, even the cake was in tiers.",FALSE,
80,Why are basketball players messy eaters? Because they are always dribbling.,FALSE,
81,"I had a dream that I weighed less than a thousandth of a gram. I was like, 0mg.",FALSE,
82,Two guys walked into a bar. The third guy ducked.,FALSE,
83,I’m friends with almost all the letters of the alphabet. I just don’t know Y.,FALSE,
84,"I made a playlist for hiking. It has music from Peanuts, The Cranberries, and Eminem. I call it my Trail Mix.",FALSE,
85,"Every night, I have hard time remembering something, but then it dawns on me.",FALSE,
86,"I love telling Dad jokes. Sometimes, he even laughs.",FALSE,
87,Why was ten scared of seven? Because seven ate nine.,FALSE,
88,"I have a joke about the flu, but I hope you don’t get it.",FALSE,
89,"I have a joke about butter, but I’m not going to spread it.",FALSE,
90,What do you call a cow with two legs? Lean beef.,FALSE,
91,Why did the girl toss a clock out the window? She wanted to see time fly.,FALSE,
92,Did you hear that the police have a warrant out on a midget psychic ripping people off? It reads “Small medium at large.”,FALSE,
93,Why do scuba divers fall backwards into the water? Because if they fell forwards they’d still be in the boat.,FALSE,
94,"I'm reading an anti-gravity book, and I just can't put it down!",FALSE,
95,"I used to be a banker, but I lost interest.",FALSE,
96,To the person stole my laptop with my copy of Microsoft Office on it: I will find you. You have my Word!,FALSE,
97,"I have a joke about time travel, but you guys didn’t get it.",FALSE,
98,Why do nurses like red crayons? Sometimes they have to draw blood.,FALSE,
99,What has ears but cannot hear? A field of corn.,FALSE,
100,What happens when doctors get frustrated? They lose their patients.,FALSE,
101,"I love dad jokes, but I don't have kids, which makes me a Faux Pa.",FALSE,
102,"I have a joke about immortality, and it never gets old.",FALSE,
103,Why did the barber win the race? He took a short cut.,FALSE,
104,A magician was walking down the street — then he turned into a store.,FALSE,
105,Why is no one friends with Dracula? Because he's a pain in the neck.,FALSE,
106,"Justice is a dish best served cold. If it were served warm, it would be justwater.",FALSE,
107,Why didn’t the orange win the race? It ran out of juice.,FALSE,
108,"I have a joke about pizza, but it’s too cheesy.",FALSE,
109,My therapist told me I have problems expressing my emotions. Can’t say I’m surprised.,FALSE,
110,I saw a documentary on TV last night about how they put ships together.  It was rivetting.,FALSE,
111,"I have a joke about being an electrician, but it’s too shocking.",FALSE,
112,I failed my calculus exam because I was sitting in the middle of identical twins — I couldn’t differentiate between them.,FALSE,
113,A steak pun is a rare medium well done.,FALSE,
114,"What did celery say when he broke up with his girlfriend? She wasn't right for me, so I really don't carrot all.",FALSE,
115,I was wondering why the baseball kept getting bigger and bigger. Then it hit me.,FALSE,
116,What creature is smarter than a talking parrot? A spelling bee.,FALSE,
117,"I have a joke about procrastination, but I’ll tell it to you later.",FALSE,
118,Most people can’t tell the difference between entomology and etymology. I can’t find the words for how much this bugs me.,FALSE,
119,Did you hear the joke about the wandering nun? She was a roman catholic.,FALSE,
120,"I have a joke about being a rejected organ donor, but I just don't have the guts.",FALSE,
121,They tried to make a diamond shaped like a duck. It quacked under the pressure.,FALSE,
122,"At first, I thought my chiropractor wasn’t any good, but now I stand corrected.",FALSE,
123,"Remember, the best angle to approach a problem from is the ""try"" angle.",FALSE,
124,"I have a joke about kites, but it would just sail over your head.",FALSE,
125,Mom asked me to put ketchup on the grocery list. Now I can't see anything.,FALSE,
126,What do you get when you cross a chicken with a skunk? A fowl smell!,FALSE,
127,What should you do if you meet a giant? Use big words.,FALSE,
128,The urge to sing the Lion King song is just a whim away.,FALSE,
129,"I used to be able to play piano by ear, but now I have to use my hands.",FALSE,
130,Why did the worker get fired from the orange juice factory? Lack of concentration.,FALSE,
131,"Mom says I have no sense of direction, so I packed my bags and right.",FALSE,
132,"I have a joke about chemistry, but I don’t think it’ll get a reaction.",FALSE,
133,Two dyslexics walk into a bra.,FALSE,
134,How do you get a baby alien to sleep?  You rocket.,FALSE,
135,"Can anyone tell me what oblivious means, because I have no idea.",FALSE,
136,Time flies like an arrow. Fruit flies like a banana.,FALSE,
137,Two peanuts were walking down the street. One was a salted,FALSE,
138,"My boss told me to have a good day, so I went home!",FALSE,
139,"What is the difference between ignorance and apathy?

I don't know and I don't care.",FALSE,
140,Is there a hole in your shoe? No… Then how’d you get your foot in it?,FALSE,
141,"I was once a personal trainer, until I gave a too-weak notice.",FALSE,
142,How does a scientist freshen their breath? With experi-mints!,FALSE,
143,"Cosmetic surgery used to be such a taboo subject.
Now you can talk about Botox and nobody raises an eyebrow.",FALSE,
144,My boss told me to have a good day. So I went home...,FALSE,
145,Archaeology really is a career in ruins.,FALSE,
146,What do you call a dad that has fallen through the ice? A Popsicle.,FALSE,
147,I want to name my puppies Rolex and Timex so I can have watch dogs.,FALSE,
148,"Some people say that I never got over my obsession with Phil Collins.
But take a look at me now.",FALSE,
149,My wife told me to rub the herbs on the meat for better flavor. That's sage advice.,FALSE,
150,"It was so cold yesterday my computer froze. My own fault though, I left too many windows open.",FALSE,
151,How do you tell the difference between a crocodile and an alligator? You will see one later and one in a while.,FALSE,
152,"I have a joke about drilling, but it’s boring.",FALSE,
153,My boss told me to have a good day... so I went home.,FALSE,
154,"I have a joke about paper, but it’s tearable.",FALSE,
155,"Why do seagulls fly over the ocean? ""Because if they flew over the bay, we'd call them bagels.""",FALSE,
156,What kind of dinosaur loves to sleep? A stega-snore-us.,FALSE,
157,What do you call a nervous javelin thrower? Shakespeare.,FALSE,
158,Why did the opera singer go sailing? They wanted to hit the high Cs.,FALSE,
159,"I have a joke about a broken pencil, but it’s pointless.",FALSE,
160,Why is the new Kindle screen textured to look like paper? So you feel write at home.,FALSE,
161,Two peanuts went walking down the street. One was assaulted.,FALSE,
162," I never wanted to believe that my Dad was stealing from his job as a road worker. But when I got home, all the signs were there.

",FALSE,
163,"A guy walked into a bar, and lost the limbo contest.",FALSE,
164,When do doctors get angry? When they run out of patients.,FALSE,
165,"What’s the advantage of living in Switzerland? Well, the flag is a big plus.",FALSE,
166,I ordered a chicken and an egg online. I’ll let you know what comes first.,FALSE,
167,"Two fish are in a tank, one turns to the other and says, ""how do you drive this thing?""",FALSE,
168,Mom said I should do lunges to stay in shape. That would be a big step forward.,FALSE,
169,"A boy dug three holes in the yard. When his mother saw, she exclaimed: ""well, well, well""",FALSE,
170,My toddler is refusing to nap. He’s guilty of resisting a rest.,FALSE,
171,Don't tell secrets in corn fields. Too many ears around.,FALSE,
172,"I went to a book store and asked the saleswoman where the Self Help section was, she said if she told me it would defeat the purpose.",FALSE,
173,"I have a joke about a broken clock, but it’s not the right time.",FALSE,
174,Why do bees hum? Because they don't know the words.,FALSE,
175,I decided to sell the vacuum cleaner — it was just gathering dust!,FALSE,
176,Dermatologists are always in a hurry. They spend all day making rash decisions.,FALSE,
177,Why didn’t the skeleton cross the road? Because he had no guts.,FALSE,
178,What type of music do balloons hate? Pop music!,FALSE,
179,"RIP, boiling water. You will be mist.",FALSE,
180,Why do crabs never give to charity? Because they’re shellfish.,FALSE,
181,Why did Sweden start painting barcodes on the sides of their battleships? So they could Scandinavian.,FALSE,
182,Who did the wizard marry? His ghoul-friend,FALSE,
183,To the person who stole my case of energy drinks: I bet you can't sleep at night.,FALSE,
184,Why do bees have sticky hair? Because they use honey combs!,FALSE,
185,Why can't a bicycle stand on its own? It's two-tired.,FALSE,
186,The shovel was a ground-breaking invention.,FALSE,
187,Animal Fact #25: Most bobcats are not named bob.,FALSE,
188,"I have a joke about statistics, but it’s not significant.",FALSE,
189,Whiteboards ... are remarkable.,FALSE,
190,How many optometrists does it take to change a light bulb? 1 or 2? 1... or 2?,FALSE,
191,A magician was driving down the street and then he turned into a driveway.,FALSE,
192,"I have a joke about inferiority complexes, but it’s not very good.",FALSE,
193,What do you call a female snake. misssssssss,FALSE,
194,"What did the left eye say to the right eye? Between us, something smells!",FALSE,
195,Where do you learn to make banana splits? At sundae school.,FALSE,
196,"Yesterday I confused the words ""jacuzzi"" and ""yakuza"". Now I'm in hot water with the Japanese mafia.",FALSE,
197,"I tried taking some high resolution photos of local farmland, but they all turned out a bit grainy.",FALSE,
198,“My Dog has no nose.” “How does he smell?” “Awful”,FALSE,
199,The Swiss must've been pretty confident in their chances of victory if they included a corkscrew in their army knife.,FALSE,
200,How do you fix a broken pizza? With tomato paste.,FALSE,
201,"Some people say that comedians who tell one too many light bulb jokes soon burn out, but they don't know watt they are talking about. They're not that bright.",FALSE,
202,What don't watermelons get married? Because they cantaloupe.,FALSE,
203,What do you call cheese by itself? Provolone.,FALSE,
204,"I remember when I was a kid, I opened my fridge and noticed one of my vegetables were crying. I guess I have some emotional cabbage.",FALSE,
205,"I have a joke about trickle-down economics, but 99% of you will never get it.",FALSE,
206,How do hens stay fit? They always egg-cercise!,FALSE,
207,The biggest knight at King Arthur's round table was Sir Cumference. He acquired his size from eating too much pi.,FALSE,
208,Last night me and my girlfriend watched three DVDs back to back. Luckily I was the one facing the TV.,FALSE,
209,"Every morning when I go out, I get hit by bicycle. Every morning!  It's a vicious cycle.",FALSE,
210,What did one plate say to the other plate? Dinner is on me!,FALSE,
211,I ate a clock yesterday. It was so time consuming.,FALSE,
212,I thought about going on an all-almond diet. But that's just nuts.,FALSE,
213,I accidentally took my cats meds last night. Don’t ask meow.,FALSE,
214,"I don't trust sushi, there's something fishy about it.",FALSE,
215,How come a man driving a train got struck by lightning? He was a good conductor.,FALSE,
216,You know what they say about cliffhangers...,FALSE,
217,What do you call an elephant that doesn’t matter? An irrelephant.,FALSE,
218,Where does Napoleon keep his armies? In his sleevies.,FALSE,
219,"What do you get when you cross a bee and a sheep? A bah-humbug.
",FALSE,
220,"Coffee has a tough time at my house, every morning it gets mugged.",FALSE,
221,"My cat was just sick on the carpet, I don’t think it’s feline well.",FALSE,
222,"Feeling pretty proud of myself. The Sesame Street puzzle I bought said 3-5 years, but I finished it in 18 months.",FALSE,
223,Did you hear about the submarine industry? It really took a dive...,FALSE,
224,"What's the difference between a hippo and a zippo? One is really heavy, the other is a little lighter.",FALSE,
225,I knew i shouldn’t have ate that seafood. Because now i’m feeling a little… Eel,TRUE,
226,"If two vegans are having an argument, is it still considered beef?",FALSE,
227,"What was the pumpkin’s favorite sport?

Squash.",FALSE,
228,Whats a penguins favorite relative? Aunt Arctica.,FALSE,
229,I had a dream that I was a muffler last night. I woke up exhausted!,FALSE,
230,What does an angry pepper do? It gets jalapeño face.,FALSE,
231,"I'd like to start a diet, but I've got too much on my plate right now.",FALSE,
232,Recent survey revealed 6 out of 7 dwarf's aren't happy.,FALSE,
233,Waking up this morning was an eye-opening experience.,FALSE,
234,I have the heart of a lion... and a lifetime ban from the San Diego Zoo.,FALSE,
235,"Why did the fireman wear red, white, and blue suspenders? To hold his pants up.",FALSE,
236,"What do you call a monkey in a mine field? A babooooom!
",FALSE,
237,"I just got fired from a florist, apparently I took too many leaves.",FALSE,
238,Did you hear that David lost his ID in prague? Now we just have to call him Dav.,FALSE,
239,"What did the big flower say to the littler flower? Hi, bud!",FALSE,
240,‘Put the cat out’ … ‘I didn’t realize it was on fire,FALSE,
241,"This morning I was wondering where the sun was, but then it dawned on me.",FALSE,
242,How does a French skeleton say hello? Bone-jour.,FALSE,
243,What do you call a girl between two posts? Annette.,FALSE,
244,"A dad washes his car with his son. But after a while, the son says, ""why can't you just use a sponge?""",FALSE,
245,What do you call an eagle who can play the piano? Talonted!,FALSE,
246,"Nurse: Doctor, there's a patient that says he's invisible. Doctor: Well, tell him I can't see him right now!",FALSE,
247,"How many hipsters does it take to change a lightbulb? Oh, it's a really obscure number. You've probably never heard of it.",FALSE,
248,What’s brown and sounds like a bell? Dung!,FALSE,
249,What did the piece of bread say to the knife? Butter me up.,FALSE,
250,My New Years resolution is to stop leaving things so late.,FALSE,
251,"Today a girl said she recognized me from vegetarian club, but I’m sure I’ve never met herbivore.",FALSE,
252,I been watching a channel on TV that is strictly just about origami — of course it is paper-view.,FALSE,
253,What do you call a fish with no eyes? A fsh.,FALSE,
254,"Thanks for explaining the word ""many"" to me. It means a lot.",FALSE,
255,How do you make a hankie dance? Put a little boogie in it.,FALSE,
256,How does the moon cut his hair? Eclipse it.,FALSE,
257,Where do hamburgers go to dance? The meat-ball.,FALSE,
258,What do you call a fashionable lawn statue with an excellent sense of rhythmn? A metro-gnome,FALSE,
259,To the guy who invented zero... thanks for nothing.,FALSE,
260,"Two guys walked into a bar, the third one ducked.",FALSE,
261,I’ve got this disease where I can’t stop making airport puns. The doctor says it terminal.,FALSE,
262,What's blue and not very heavy?  Light blue.,FALSE,
263,"At the boxing match, the dad got into the popcorn line and the line for hot dogs, but he wanted to stay out of the punchline.",FALSE,
264,I decided to sell my Hoover… well it was just collecting dust.,FALSE,
265,"Child: Dad, make me a sandwich. Dad: Poof! You're a sandwich.",FALSE,
266,What kind of award did the dentist receive? A little plaque.,FALSE,
267,Have you heard about corduroy pillows?  They're making headlines!,FALSE,
268,How much does a hipster weigh? An instagram.,FALSE,
269,What do vegetarian zombies eat? Grrrrrainnnnnssss.,FALSE,
270,"Why did the banana go to the doctor? He was not ""peeling"" well.",FALSE,
271,What musical instrument is found in the bathroom? A tuba toothpaste.,FALSE,
272,"What did the drummer name her twin daughters? Anna One, Anna Two...",FALSE,
273,"I was wondering why the frisbee was getting bigger, then it hit me.",FALSE,
274,Don't trust atoms. They make up everything.,FALSE,
275,I’m reading a book on the history of glue – can’t put it down.,FALSE,
276,What do you get if you put a duck in a cement mixer? Quacks in the pavement.,FALSE,
277,I wish I could clean mirrors for a living. It's just something I can see myself doing.,FALSE,
278,I won an argument with a weather forecaster once. His logic was cloudy...,FALSE,
279,I’ve deleted the phone numbers of all the Germans I know from my mobile phone. Now it’s Hans free.,FALSE,
280,What is the leading cause of dry skin? Towels,FALSE,
281,What do you call two barracuda fish?  A Pairacuda!,FALSE,
282,How was the snow globe feeling after the storm? A little shaken.,FALSE,
283,"I'm sorry. ""Hi sorry, I'm dad""",FALSE,
284,"Doctor: Do you want to hear the good news or the bad news?
Patient: Good news please.
Doctor: we're naming a disease after you.",FALSE,
285,Where do rabbits go after they get married? On a bunny-moon.,FALSE,
286,What lies at the bottom of the ocean and twitches? A nervous wreck.,FALSE,
287,Did you hear about the guy who invented Lifesavers? They say he made a mint.,FALSE,
288,What do you call a pig that knows karate? A pork chop!,FALSE,
289,Why do birds fly south for the winter? Because it's too far to walk.,FALSE,
290,Why doesn't the Chimney-Sweep call out sick from work? Because he's used to working with a flue.,FALSE,
291,"A farmer had 297 cows, when he rounded them up, he found he had 300",FALSE,
292,I considered building the patio by myself. But I didn't have the stones.,FALSE,
293,"My friend keeps telling me ""Cheer up. You aren't stuck in a deep hole in the ground, filled with water.""
I know he means well.",FALSE,
294,"Why does it take longer to get from 1st to 2nd base, than it does to get from 2nd to 3rd base? Because there’s a Shortstop in between!",FALSE,
295,What is the tallest building in the world? The library – it’s got the most stories!,FALSE,
296,What do Alexander the Great and Winnie the Pooh have in common? Same middle name.,FALSE,
297,I used to have a job at a calendar factory but I got the sack because I took a couple of days off.,FALSE,
298,"It's been months since I bought the book ""how to scam people online"". It still hasn't turned up.",FALSE,
299,"Can February march? No, but April may.",FALSE,
300,"Where do cats write notes?
Scratch Paper!",FALSE,
301,What do you call a pig with three eyes? Piiig,FALSE,
302,What do you get hanging from Apple trees? Sore arms.,FALSE,
303,Did you know the first French fries weren't actually cooked in France? They were cooked in Greece.,FALSE,
304,Did you know that protons have mass? I didn't even know they were catholic.,FALSE,
305,What is a vampire's favorite fruit? A blood orange.,FALSE,
306,I'm practicing for a bug-eating contest and I've got butterflies in my stomach.,FALSE,
307,Where do young cows eat lunch? In the calf-ateria.,FALSE,
308,When is a door not a door? When it's ajar.,FALSE,
309,I went to the doctor today and he told me I had type A blood but it was a type O.,FALSE,
310,"I bought shoes from a drug dealer once. I don't know what he laced them with, but I was tripping all day.",FALSE,
311,Where does batman go to the bathroom? The batroom.,FALSE,
312,Why do cows wear bells? Because their horns don't work.,FALSE,
313,"What did the green grape say to the purple grape?
BREATH!!",FALSE,
314,Did you hear about the scientist who was lab partners with a pot of boiling water? He had a very esteemed colleague.,FALSE,
315,Why does a chicken coop only have two doors? Because if it had four doors it would be a chicken sedan.,FALSE,
316,The invention of the wheel was what got things rolling,FALSE,
317,I've started telling everyone about the benefits of eating dried grapes. It's all about raisin awareness.,FALSE,
318,Just read a few facts about frogs. They were ribbiting.,FALSE,
319,"My wife is on a tropical fruit diet, the house is full of stuff. It is enough to make a mango crazy.",FALSE,
320,Why are oranges the smartest fruit? Because they are made to concentrate.,FALSE,
321,What do you call a droid that takes the long way around? R2 detour.,FALSE,
322,"Someone asked me, what's the ninth letter of the alphabet? It was a complete guess, but I was right.",FALSE,
323,Why does Waldo only wear stripes? Because he doesn't want to be spotted.,FALSE,
324,Toasters were the first form of pop-up notifications.,FALSE,
325,What do you call a fly without wings? A walk.,FALSE,
326,Where do you take someone who has been injured in a Peek-a-boo accident? To the I.C.U.,FALSE,
327,My pet mouse 'Elvis' died last night. He was caught in a trap..,FALSE,
328,Whoever invented the knock-knock joke should get a no bell prize.,FALSE,
329,What do you call a guy lying on your doorstep? Matt.,FALSE,
330,Why do valley girls hang out in odd numbered groups? Because they can't even.,FALSE,
331,"Dad, can you put my shoes on? I don't think they'll fit me.",FALSE,
332,Why was the picture sent to prison? It was framed.,FALSE,
333,Why do we tell actors to “break a leg?” Because every play has a cast.,FALSE,
334,"I was going to learn how to juggle, but I didn't have the balls.",FALSE,
335,Why do nurses carry around red crayons? Sometimes they need to draw blood.,FALSE,
336,"What did the digital clock say to the grandfather clock? Look, no hands!",FALSE,
337,"“Hold on, I have something in my shoe”  “I’m pretty sure it’s a foot”",FALSE,
338,I can't take my dog to the pond anymore because the ducks keep attacking him. That's what I get for buying a pure bread dog.,FALSE,
339,What did one snowman say to the other snow man? Do you smell carrot?,FALSE,
340,A Skeleton walked into a bar he said I need a beer and a mop,FALSE,
341,"Want to hear a joke about construction? Nah, I'm still working on it.",FALSE,
342,Sore throats are a pain in the neck!,FALSE,
343,Why did the man put his money in the freezer? He wanted cold hard cash!,FALSE,
344,If you’re struggling to think of what to get someone for Christmas. Get them a fridge and watch their face light up when they open it.,FALSE,
345,What did one wall say to the other wall? I'll meet you at the corner!,FALSE,
346,What do you call a crowd of chess players bragging about their wins in a hotel lobby? Chess nuts boasting in an open foyer.,FALSE,
347,Sometimes I tuck my knees into my chest and lean forward.  That’s just how I roll.,FALSE,
348,How many tickles does it take to tickle an octopus? Ten-tickles!,FALSE,
349,Where did you learn to make ice cream? Sunday school.,FALSE,
350,What do you call a fat psychic? A four-chin teller.,FALSE,
351,Why did the teddy bear say “no” to dessert? Because she was stuffed.,FALSE,
352,I ordered a chicken and an egg from Amazon. I'll let you know.,FALSE,
353,"What did the scarf say to the hat? You go on ahead, I am going to hang around a bit longer.",FALSE,
354,Leather is great for sneaking around because it's made of hide.,FALSE,
355,How do you find Will Smith in the snow?  Look for fresh prints.,FALSE,
356,"To be Frank, I'd have to change my name.",FALSE,
357,Where’s the bin? Dad: I haven’t been anywhere!,FALSE,
358,What time did the man go to the dentist? Tooth hurt-y.,FALSE,
359,Frankenstein enters a bodybuilding competition and finds he has seriously misunderstood the objective.,FALSE,
360,Where do sheep go to get their hair cut? The baa-baa shop.,FALSE,
361,Did you hear about the guy whose whole left side was cut off? He's all right now.,FALSE,
362,"There’s a new type of broom out, it’s sweeping the nation.",FALSE,
363,"Me: If humans lose the ability to hear high frequency volumes as they get older, can my 4 week old son hear a dog whistle?

Doctor: No, humans can never hear that high of a frequency no matter what age they are.

Me: Trick question... dogs can't whistle.",FALSE,
364,It was raining cats and dogs the other day. I almost stepped in a poodle.,FALSE,
365,"Have you heard the rumor going around about butter? Never mind, I shouldn't spread it.",FALSE,
366,What did Romans use to cut pizza before the rolling cutter was invented? Lil Caesars,FALSE,
367,"I used to work at a stationery store.  But, I didn't feel like I was going anywhere.

So, I got a job at a travel agency.  Now, I know I'll be going places.",FALSE,
368,Why don't sharks eat clowns?  Because they taste funny.,FALSE,
369,Ben & Jerry's really need to improve their operation. The only way to get there is down a rocky road.,FALSE,
370,"If I could name myself after any Egyptian god, I'd be Set.",FALSE,
371,Why are fish easy to weigh? Because they have their own scales.,FALSE,
372,I used to work for an origami company but they folded.,FALSE,
373,I've got a joke about vegetables for you... but it's a bit corny.,FALSE,
374,Did you hear the news? FedEx and UPS are merging. They’re going to go by the name Fed-Up from now on.,FALSE,
375,Do I enjoy making courthouse puns? Guilty,FALSE,
376,Don't buy flowers at a monastery. Because only you can prevent florist friars.,FALSE,
377,"Why can't you use ""Beef stew"" as a password? Because it's not stroganoff.",FALSE,
378,I used to work in a shoe recycling shop. It was sole destroying.,FALSE,
379,Why did the half blind man fall in the well? Because he couldn't see that well!,FALSE,
380,Why did the sentence fail the driving test? It never came to a full stop.,FALSE,
381,"The other day I was listening to a song about superglue, it’s been stuck in my head ever since.",FALSE,
382,"If you think swimming with dolphins is expensive, you should try swimming with sharks--it cost me an arm and a leg!",FALSE,
383,Why did the belt go to prison? He held up a pair of pants!,FALSE,
384,R.I.P. boiled water. You will be mist.,FALSE,
385,"When you have a bladder infection, urine trouble.",FALSE,
386,What concert costs only 45 cents? 50 cent featuring Nickelback.,FALSE,
387,Never take advice from electrons. They are always negative.,FALSE,
388,"I was so proud when I finished the puzzle in six months, when on the side it said three to four years.",FALSE,
389,What is a tornado's favorite game to play? Twister!,FALSE,
390,What did the grape do when he got stepped on? He let out a little wine.,FALSE,
391,"Whenever the cashier at the grocery store asks my dad if he would like the milk in a bag he replies, ‘No, just leave it in the carton!’",FALSE,
392,"I asked a frenchman if he played video games. He said ""Wii""",FALSE,
393,"I had a pair of racing snails. I removed their shells to make them more aerodynamic, but they became sluggish.",FALSE,
394,What do you call a sheep with no legs? A cloud.,FALSE,
395,Which is the fastest growing city in the world? Dublin',FALSE,
396,"I broke my finger at work today, on the other hand I'm completely fine.",FALSE,
397,Did you hear about the two thieves who stole a calendar? They each got six months.,FALSE,
398,"Two muffins were sitting in an oven, and the first looks over to the second, and says, “man, it’s really hot in here”. The second looks over at the first with a surprised look, and answers, “WHOA, a talking muffin!”",FALSE,
399,"I've just written a song about a tortilla. Well, it is more of a rap really.",FALSE,
400,What do you call a group of killer whales playing instruments? An Orca-stra.,FALSE,
401,What's the worst thing about ancient history class? The teachers tend to Babylon.,FALSE,
402,"Chances are if you' ve seen one shopping center, you've seen a mall.",FALSE,
403,Why did the feline fail the lie detector test? Because he be lion.,FALSE,
404,Why did the A go to the bathroom and come out as an E? Because he had a vowel movement.,FALSE,
405,An apple a day keeps the bullies away. If you throw it hard enough.,FALSE,
406,What did the 0 say to the 8? Nice belt.,FALSE,
407,"I got fired from a florist, apparently I took too many leaves.",FALSE,
408,I’m only familiar with 25 letters in the English language. I don’t know why.,FALSE,
409,"I gave my friend 10 puns hoping that one of them would make him laugh. Sadly, no pun in ten did.",FALSE,
410,What kind of bagel can fly? A plain bagel.,FALSE,
411,Bad at golf? Join the club.,FALSE,
412,How do you steal a coat? You jacket.,FALSE,
413,How many South Americans does it take to change a lightbulb? A Brazilian,FALSE,
414,I'm tired of following my dreams. I'm just going to ask them where they are going and meet up with them later.,FALSE,
415,What do you call two guys hanging out by your window? Kurt & Rod.,FALSE,
416,"Have you heard about the film ""Constipation"", you probably haven't because it's not out yet.",FALSE,
417,How do you make holy water? You boil the hell out of it.,FALSE,
418,"Why was Santa's little helper feeling depressed? Because he has low elf esteem.
",FALSE,
419,What's the best thing about elevator jokes? They work on so many levels.,FALSE,
420,"I went to the zoo the other day, there was only one dog in it. It was a shitzu.",FALSE,
421,New atoms frequently lose electrons when they fail to keep an ion them.,FALSE,
422,Where do you take someone who’s been injured in a peek-a-boo accident? To the I.C.U.,FALSE,
423,"I hate perforated lines, they're tearable.",FALSE,
424,Atheism is a non-prophet organisation.,FALSE,
425,Why did the man run around his bed? Because he was trying to catch up on his sleep!,FALSE,
426,Why do bananas have to put on sunscreen before they go to the beach? Because they might peel!,FALSE,
427,How do you make a 'one' disappear? You add a 'g' and it's 'gone',FALSE,
428,Why do wizards clean their teeth three times a day? To prevent bat breath!,FALSE,
429,"Did you know Albert Einstein was a real person? All this time, I thought he was just a theoretical physicist!",FALSE,
430,You can't trust a ladder. It will always let you down,FALSE,
431,What do you call corn that joins the army? Kernel.,FALSE,
432,Have you ever heard of a music group called Cellophane? They mostly wrap.,FALSE,
433,My boss told me to attach two pieces of wood together... I totally nailed it!,FALSE,
434,"What did the ocean say to the shore? Nothing, it just waved.",FALSE,
435,I asked my date to go to the gym the other day. They never showed up. That's when I knew we wouldn't work out.,FALSE,
436,"Man, I really love my furniture... me and my recliner go way back.",FALSE,
437,Ever wondered why bees hum? It's because they don't know the words.,FALSE,
438,How can you tell a vampire has a cold? They start coffin.,FALSE,
439,Did you know you should always take an extra pair of pants golfing? Just in case you get a hole in one.,FALSE,
440,"I gave all my dead batteries away today, free of charge.",FALSE,
441,Why did the octopus beat the shark in a fight? Because it was well armed.,FALSE,
442,Why did the knife dress up in a suit? Because it wanted to look sharp,FALSE,
443,What did one nut say as he chased another nut?  I'm a cashew!,FALSE,
444,People who don't eat gluten are really going against the grain.,FALSE,
445,I wear a stethoscope so that in a medical emergency I can teach people a valuable lesson about assumptions.,FALSE,
446,Why did the burglar hang his mugshot on the wall? To prove that he was framed!,FALSE,
447,"I was just looking at my ceiling. Not sure if it’s the best ceiling in the world, but it’s definitely up there.",FALSE,
448,What do you call an Argentinian with a rubber toe? Roberto,FALSE,
449,Yesterday a clown held a door open for me. I thought it was a nice jester.,FALSE,
450,What kind of music do mummy's like? Rap,FALSE,
451,What did the Dorito farmer say to the other Dorito farmer? Cool Ranch!,FALSE,
452,what do you call a dog that can do magic tricks? a labracadabrador,FALSE,
453,"Wife told me to take the spider out instead of killing it... We had some drinks, cool guy, wants to be a web developer.",FALSE,
454,Some people eat light bulbs. They say it's a nice light snack.,FALSE,
455,They're making a movie about clocks. It's about time,FALSE,
456,"I applied to be a doorman but didn't get the job due to lack of experience. That surprised me, I thought it was an entry level position.",FALSE,
457,How does a dyslexic poet write? Inverse.,FALSE,
458,I was in an 80's band called the prevention. We were better than the cure.,FALSE,
459,"A Sandwich walks into a bar, the bartender says “Sorry, we don’t serve food here”",FALSE,
460,Why did the tree go to the dentist? It needed a root canal.,FALSE,
461,"What did the sea say to the sand? ""We have to stop meeting like this.""",FALSE,
462,I needed a password eight characters long so I picked Snow White and the Seven Dwarfs.,FALSE,
463,I just wrote a book on reverse psychology. Do not read it!,FALSE,
464,"When people are sad, I sometimes let them colour in my tattoos. Sometimes all they need is a shoulder to crayon.",FALSE,
465,What is worse then finding a worm in your Apple? Finding half a worm in your Apple.,FALSE,
466,What did the ocean say to the beach? Thanks for all the sediment.,FALSE,
467,Why did the tomato blush? Because it saw the salad dressing.,FALSE,
468,What do you call a dictionary on drugs? High definition.,FALSE,
469,How do you fix a damaged jack-o-lantern? You use a pumpkin patch.,FALSE,
470,Why did the kid throw the clock out the window? He wanted to see time fly!,FALSE,
471,Where do fish keep their money? In the riverbank,FALSE,
472,What happens when you anger a brain surgeon? They will give you a piece of your mind.,FALSE,
473,Breaking news! Energizer Bunny arrested – charged with battery.,FALSE,
474,How do you teach a kid to climb stairs? There is a step by step guide.,FALSE,
475,"What is red and smells like blue paint?
Red paint!",FALSE,
476,A quick shoutout to all of the sidewalks out there... Thanks for keeping me off the streets.,FALSE,
477,"My dentist is the best, he even has a little plaque!",FALSE,
478,I couldn't figure out how the seat belt worked. Then it just clicked.,FALSE,
479,Why did the miner get fired from his job? He took it for granite...,FALSE,
480,"I knew a guy who collected candy canes, they were all in mint condition",FALSE,
481,Why can't eggs have love? They will break up too soon.,FALSE,
482,What kind of dog lives in a particle accelerator? A Fermilabrador Retriever.,FALSE,
483,"A ghost walks into a bar and asks for a glass of vodka but the bar tender says, “sorry we don’t serve spirits”",FALSE,
484,"Every night at 11:11, I make a wish that someone will come fix my broken clock.",FALSE,
485,"Someone asked me to name two structures that hold water. I said ""Well dam""",FALSE,
486,You know that cemetery up the road? People are dying to get in there.,FALSE,
487,Why did Dracula lie in the wrong coffin? He made a grave mistake.,FALSE,
488,"I’ve just been reading a book about anti-gravity, it’s impossible to put down!",FALSE,
489,"I just broke my guitar. It's okay, I won't fret",FALSE,
490,Why was it called the dark ages? Because of all the knights.,FALSE,
491,You will never guess what Elsa did to the balloon. She let it go.,FALSE,
492,"Why don't you find hippopotamuses hiding in trees?
They're really good at it.",FALSE,
493,What does a clock do when it's hungry? It goes back four seconds!,FALSE,
494,Why does Han Solo like gum? It's chewy!,FALSE,
495,Why are mummys scared of vacation? They're afraid to unwind.,FALSE,
496,Did you hear about the cow who jumped over the barbed wire fence? It was udder destruction.,FALSE,
497,"Two satellites decided to get married. The wedding wasn't much, but the reception was incredible.",FALSE,
498,"Why did Mozart kill all his chickens?
Because when he asked them who the best composer was, they'd all say ""Bach bach bach!""
",FALSE,
499,What do you call a bear with no teeth? A gummy bear!,FALSE,
500,"You can't run through a camp site. You can only ran, because it's past tents.",FALSE,
501,"Why did the cookie cry?
Because his mother was a wafer so long",FALSE,
502,Slept like a log last night … woke up in the fireplace.,FALSE,
503,Where did Captain Hook get his hook? From a second hand store.,FALSE,
504,I invented a new word! Plagiarism!,FALSE,
505,"How many seconds are in a year?
12.
January 2nd, February 2nd, March 2nd, April 2nd.... etc",FALSE,
506,What do you give a sick lemon? Lemonaid.,FALSE,
507,Why don't eggs tell jokes? They'd crack each other up,FALSE,
508,"There are two types of people in this world, those who can extrapolate from incomplete data...",FALSE,
509,Why couldn't the kid see the pirate movie? Because it was rated arrr!,FALSE,
510,What’s E.T. short for? He’s only got little legs.,FALSE,
511,"“Doctor, I’ve broken my arm in several places” Doctor “Well don’t go to those places.”",FALSE,
512,Why did the clown have neck pain? - Because he slept funny,FALSE,
513,"Why do pumpkins sit on people’s porches?

They have no hands to knock on the door.",FALSE,
514,Did you hear about the runner who was criticized? He just took it in stride,FALSE,
515,How do you get two whales in a car? Start in England and drive West.,FALSE,
516,What was a more important invention than the first telephone? The second one.,FALSE,
517,Why do cows not have toes? They lactose!,FALSE,
518,Scientists finally did a study on forks. It's about tine!,FALSE,
519,Just watched a documentary about beavers… It was the best damn program I’ve ever seen.,FALSE,
520,They laughed when I said I wanted to be a comedian – they’re not laughing now.,FALSE,
521,Why are pirates called pirates? Because they arrr!,FALSE,
522,What do you call a bee that lives in America? A USB.,FALSE,
523,When will the little snake arrive? I don't know but he won't be long...,FALSE,
524,"It's difficult to say what my wife does, she sells sea shells by the sea shore.",FALSE,
525,What do you do on a remote island? Try and find the TV island it belongs to.,FALSE,
526,I was thinking about moving to Moscow but there is no point Russian into things.,FALSE,
527,What did the late tomato say to the early tomato? I’ll ketch up,FALSE,
528,"My friend said to me: ""What rhymes with orange"" I said: ""no it doesn't""",FALSE,
529,"I finally bought the limited edition Thesaurus that I've always wanted. When I opened it, all the pages were blank.
I have no words to describe how angry I am.",FALSE,
530,What do you get when you cross a pig and a pineapple? A porky pine,FALSE,
531,"I have kleptomania, but when it gets bad, I take something for it.",FALSE,
532,What are the strongest days of the week? Saturday and Sunday...the rest are weekdays.,FALSE,
533,How many bones are in the human hand? A handful of them.,FALSE,
534,Writing with a broken pencil is pointless.,FALSE,
535,What do you call a beehive without the b's? An eehive.,FALSE,
536,What cheese can never be yours? Nacho cheese.,FALSE,
537,"In the news a courtroom artist was arrested today, I'm not surprised, he always seemed sketchy.",FALSE,
538,A man was caught stealing in a supermarket today while balanced on the shoulders of a couple of vampires. He was charged with shoplifting on two counts.,FALSE,
539,"Yesterday, I accidentally swallowed some food coloring. The doctor says I’m okay, but I feel like I’ve dyed a little inside.",FALSE,
540,What did Michael Jackson name his denim store?    Billy Jeans!,FALSE,
541,I'll tell you what often gets over looked... garden fences.,FALSE,
542,I cut my finger cutting cheese. I know it may be a cheesy story but I feel grate now.,FALSE,
543,"If you walk into a forest and cut down a tree, but the tree doesn't understand why you cut it down, do you think it's stumped?",FALSE,
544,"*Reversing the car* ""Ah, this takes me back""",FALSE,
545,Which side of the chicken has more feathers? The outside.,FALSE,
546,"When I left school, I passed every one of my exams with the exception of Greek Mythology. It always was my achilles elbow",FALSE,
547,"I asked the surgeon if I could administer my own anesthetic, they said: go ahead, knock yourself out.",FALSE,
548,"A man walked in to a bar with some asphalt on his arm. He said “Two beers please, one for me and one for the road.”",FALSE,
549,Why does Superman get invited to dinners? Because he is a Supperhero.,FALSE,
550,What's a ninja's favorite type of shoes? Sneakers!,FALSE,
551,"Why does Norway have barcodes on their battleships? So when they get back to port, they can Scandinavian.",FALSE,
552,What is this movie about? It is about 2 hours long.,FALSE,
553,"I used to be addicted to soap, but I'm clean now.",FALSE,
554,It takes guts to be an organ donor.,FALSE,
555,"I really want to buy one of those supermarket checkout dividers, but the cashier keeps putting it back.",FALSE,
556,What do you call a careful wolf? Aware wolf.,FALSE,
557,A cannibal is someone who is fed up with people.,FALSE,
558,"Why couldn't the lifeguard save the hippie? He was too far out, man.",FALSE,
559,"A woman is on trial for beating her husband to death with his guitar collection. Judge says, ‘First offender?’ She says, ‘No, first a Gibson! Then a Fender!’",FALSE,
560,"No matter how kind you are, German children are kinder.",FALSE,
561,Where does astronauts hangout after work? At the spacebar.,FALSE,
562,How did the hipster burn the roof of his mouth? He ate the pizza before it was cool.,FALSE,
563,What do you call a boomerang that won't come back? A stick.,FALSE,
564,"What did the traffic light say to the car as it passed? ""Don't look I'm changing!""",FALSE,
565,"I used to be addicted to the hokey pokey, but I turned myself around.",FALSE,
566,I wanted to be a tailor but I didn't suit the job,FALSE,
567,"I tried to write a chemistry joke, but could never get a reaction.",FALSE,
568,Why can’t you hear a pterodactyl go to the bathroom? The p is silent.,FALSE,
569,I adopted my dog from a blacksmith. As soon as we got home he made a bolt for the door.,FALSE,
570,What did the calculator say to the student? You can count on me.,FALSE,
571,"I was going to get a brain transplant, but I changed my mind",FALSE,
572,"I burned 2000 calories today, I left my food in the oven for too long.",FALSE,
573,"The first time I got a universal remote control I thought to myself, ""This changes everything""",FALSE,
574,What kind of magic do cows believe in? MOODOO.,FALSE,
575,I was fired from the keyboard factory yesterday.  I wasn't putting in enough shifts.,FALSE,
576,"My friend told me that pepper is the best seasoning for a roast, but I took it with a grain of salt.",FALSE,
577,What kind of music do planets listen to? Nep-tunes.,FALSE,
578,What is the hardest part about sky diving? The ground.,FALSE,
579,I boiled a funny bone last night and had a laughing stock,FALSE,
580,How do you know if there’s an elephant under your bed? Your head hits the ceiling!,FALSE,
581,"Egyptians claimed to invent the guitar, but they were such lyres.﻿",FALSE,
582,"I saw an ad in a shop window, ""Television for sale, $1, volume stuck on full"", I thought, ""I can't turn that down"".",FALSE,
583,How does a penguin build it’s house? Igloos it together.,FALSE,
584,My sea sickness comes in waves.,FALSE,
585,"I’ll tell you something about German sausages, they’re the wurst",FALSE,
586,Dad died because he couldn't remember his blood type. I will never forget his last words. Be positive.,FALSE,
587,I made a belt out of watches once... It was a waist of time.,FALSE,
588,"What's large, grey, and doesn't matter?
An irrelephant.
",FALSE,
589,It doesn't matter how much you push the envelope. It will still be stationary.,FALSE,
590,How do you make a water bed more bouncy. You use Spring Water,FALSE,
591,"What's the difference between a guitar and a fish? You can tune a guitar but you can't ""tuna"" fish!",FALSE,
592,What do you get when you cross a rabbit with a water hose? Hare spray.,FALSE,
593,Astronomers got tired watching the moon go around the earth for 24 hours. They decided to call it a day.,FALSE,
594,A police officer caught two kids playing with a firework and a car battery. He charged one and let the other one off.,FALSE,
595,What's orange and sounds like a parrot? A Carrot.,FALSE,
596,Today a man knocked on my door and asked for a small donation towards the local swimming pool. I gave him a glass of water.,FALSE,
597,Have you heard about the owl sanctuary job opening? It’s all night shifts but they’re all a hoot over there.,FALSE,
598,Did you hear about the cheese factory that exploded in France? There was nothing left but de Brie.,FALSE,
599,When Dad drops a pea off of his plate ‘oh dear I’ve pee’d on the table!,FALSE,
600,I started a new business making yachts in my attic this year...the sails are going through the roof,FALSE,
601,Did you hear about the cheese who saved the world? It was Legend-dairy!,FALSE,
602,Why did the Clydesdale give the pony a glass of water?  Because he was a little horse!,FALSE,
603,What did the pirate say on his 80th birthday? Aye Matey!,FALSE,
604,"When my wife told me to stop impersonating a flamingo, I had to put my foot down.",FALSE,
605,"Two parrots are sitting on a perch. One turns to the other and asks, ""do you smell fish?""",FALSE,
606,"A man got hit in the head with a can of Coke, but he was alright because it was a soft drink.",FALSE,
607,"So, I heard this pun about cows, but it’s kinda offensive so I won’t say it. I don’t want there to be any beef between us.",FALSE,
608,"Sgt.: Commissar! Commissar! The troops are revolting! Commissar: Well, you’re pretty repulsive yourself.",FALSE,
609,Why are giraffes so slow to apologize? Because it takes them a long time to swallow their pride.,FALSE,
610,What do I look like? A JOKE MACHINE!?,FALSE,
611,"Wife: Honey I’m pregnant.

Me: Well…. what do we do now?

Wife: Well, I guess we should go to a baby doctor.

Me: Hm.. I think I’d be a lot more comfortable going to an adult doctor.",FALSE,
612,Can a kangaroo jump higher than the Empire State Building? Of course. The Empire State Building can't jump.,FALSE,
613,"This furniture store keeps emailing me, all I wanted was one night stand!",FALSE,
614,"Don’t interrupt someone working intently on a puzzle. Chances are, you’ll hear some crosswords.",FALSE,
615,Why don’t seagulls fly over the bay? Because then they’d be bay-gulls!,FALSE,
616,What do you call someone with no nose? Nobody knows.,FALSE,
617,Did you hear about the bread factory burning down? They say the business is toast.,FALSE,
618,"A bartender broke up with her boyfriend, but he kept asking her for another shot.",FALSE,
619,"I always wanted to look into why I procrastinate, but I keep putting it off.",FALSE,
620,Americans can't switch from pounds to kilograms overnight. That would cause mass confusion.,FALSE,
621,How do robots eat guacamole? With computer chips.,FALSE,
622,Where do bees go to the bathroom?  The BP station.,FALSE,
623,What did the mountain climber name his son? Cliff.,FALSE,
624,Have you heard of the band 1023MB? They haven't got a gig yet.,FALSE,
625,I went to a Foo Fighters Concert once... It was Everlong...,FALSE,
626,"Mountains aren't just funny, they are hill areas",FALSE,
627,What did the Buffalo say to his little boy when he dropped him off at school? Bison.,FALSE,
628,I don’t play soccer because I enjoy the sport. I’m just doing it for kicks.,FALSE,
629,Why do fish live in salt water? Because pepper makes them sneeze!,FALSE,
630,Why did the melons plan a big wedding? Because they cantaloupe!,FALSE,
631,Hear about the new restaurant called Karma? There’s no menu: You get what you deserve.,FALSE,
632,Why are snake races so exciting? They're always neck and neck.,FALSE,
633,How many apples grow on a tree? All of them!,FALSE,
634,Did you hear about the campsite that got visited by Bigfoot? It got in tents.,FALSE,
635,Why was Pavlov's beard so soft?  Because he conditioned it.,FALSE,
636,What do you call an alligator in a vest? An in-vest-igator!,FALSE,
637,"Bought a new jacket suit the other day and it burst into flames. Well, it was a blazer",FALSE,
638,Did you hear the one about the giant pickle?  He was kind of a big dill.,FALSE,
639,My wife said I was immature. So I told her to get out of my fort.,FALSE,
640,"What is the best way to carve?
Whittle by whittle.",FALSE,
641,Is the pool safe for diving? It deep ends.,FALSE,
642,What’s the difference between an African elephant and an Indian elephant? About 5000 miles.,FALSE,
643,Why is Peter Pan always flying? Because he Neverlands.,FALSE,
644,Somebody stole my Microsoft Office and they're going to pay - you have my Word.,FALSE,
645,My sister bet me $15 that I couldn't build a car out of spaghetti. You should have seen the look on her face as I drove pasta.,FALSE,
646,How are false teeth like stars? They come out at night!,FALSE,
647,A red and a blue ship have just collided in the Caribbean. Apparently the survivors are marooned.,FALSE,
648,What did the Zen Buddist say to the hotdog vendor? Make me one with everything.,FALSE,
649,What do you call a boy who stopped digging holes? Douglas.,FALSE,
650,"""Dad, I'm cold.""
""Go stand in the corner, I hear it's 90 degrees.""",FALSE,
651,How does Darth Vader like his toast? On the dark side.,FALSE,
652,"Dad, do you think it's going to snow this winter? ""I dont know, its all up in the air""",FALSE,
653,What do you get when you cross a snowman with a vampire? Frostbite.,FALSE,
654,Why are skeletons so calm? Because nothing gets under their skin.,FALSE,
655,"Hostess: Do you have a preference of where you sit?
Dad: Down.",FALSE,
656,Why did the cowboy have a weiner dog? Somebody told him to get a long little doggy.,FALSE,
657,Why is it always hot in the corner of a room? Because a corner is 90 degrees.,FALSE,
658,People are shocked to discover I have a police record but I love their greatest hits!,FALSE,
659,I got an A on my origami assignment when I turned my paper into my teacher,FALSE,
660,What's the difference between a rooster and a crow? A rooster can crow but a crow cannot rooster.,FALSE,
661,"I had a rough day, and then somebody went and ripped the front and back pages from my dictionary. It just goes from bad to worse.",FALSE,
662,People are making apocalypse jokes like there’s no tomorrow.,FALSE,
663,What animal is always at a game of cricket? A bat.,FALSE,
664,"I cut my finger chopping cheese, but I think that I may have grater problems.",FALSE,
665,Did you hear the one about the guy with the broken hearing aid? Neither did he.,FALSE,
666,"I'm glad I know sign language, it's pretty handy.",FALSE,
667,Why are ghosts bad liars? Because you can see right through them!,FALSE,
668,I once lost a banana at court but then I appealed.,FALSE,
669,What do bees do after they are married? They go on a honeymoon.,FALSE,
670,Why do ducks make great detectives? They always quack the case.,FALSE,
671,What has three letters and starts with gas? A Car.,FALSE,
672,What's red and bad for your teeth? A Brick.,FALSE,
673,Why did the kid cross the playground? To get to the other slide.,FALSE,
674,What kind of pants do ghosts wear? Boo jeans.,FALSE,
675,It's only a murder of crows if there's probable caws.,FALSE,
676,"What's the difference between a seal and a sea lion?
An ion! ",FALSE,
677,Have you ever seen fruit preserves being made? It's jarring.,FALSE,
678,Why was the big cat disqualified from the race? Because it was a cheetah.,FALSE,
679,I couldn't get a reservation at the library. They were completely booked.,FALSE,
680,I wouldn't buy anything with velcro. It's a total rip-off.,FALSE,
681,What did the Red light say to the Green light? Don't look at me I'm changing!,FALSE,
682,"Today, my son asked ""Can I have a book mark?"" and I burst into tears. 11 years old and he still doesn't know my name is Brian.",FALSE,
683,I am so good at sleeping I can do it with my eyes closed!,FALSE,
684,What did the fish say when it swam into a wall? Damn!,FALSE,
685,Why don't skeletons ride roller coasters? They don't have the stomach for it.,FALSE,
686,"They say Dodger Stadium can hold up to fifty-six thousand people, but that is just a ballpark figure.",FALSE,
687,"Past, present, and future walked into a bar.... It was tense.",FALSE,
688,What did the doctor say to the gingerbread man who broke his leg? Try icing it.,FALSE,
689,"My son is studying to be a surgeon, I just hope he makes the cut.",FALSE,
690,"Where was the Declaration of Independence signed?

At the bottom! ",FALSE,
691,"What's the difference between roast beef and pea soup. Anyone can roast beef, but nobody can pee soup.",FALSE,
692,Pie is $2.50 in Jamaica and $3.00 in The Bahamas. These are the pie-rates of the Caribbean.,FALSE,
693,"What did Yoda say when he saw himself in 4K? ""HDMI""",FALSE,
694,So a duck walks into a pharmacy and says “Give me some chap-stick… and put it on my bill”,FALSE,
695,"I accidentally drank a bottle of invisible ink. Now I’m in hospital, waiting to be seen.",FALSE,
696,We all know where the Big Apple is but does anyone know where the Minneapolis?,FALSE,
697,"Got a new suit recently made entirely of living plants. I wasn’t sure at first, but it’s grown on me",FALSE,
698,"Why do trees seem suspicious on sunny days? Dunno, they're just a bit shady.",FALSE,
699,What do you do when your bunny gets wet? You get your hare dryer.,FALSE,
700,"I just read a book about Stockholm syndrome. It was pretty bad at first, but by the end I liked it.",FALSE,
701,"I was at the library and asked if they have any books on ""paranoia"", the librarian replied, ""yes, they are right behind you""",FALSE,
702,What do you call a cow on a trampoline? A milk shake!,FALSE,
703,What do you call a criminal going down the stairs? Condescending,FALSE,
704,Why did the cookie cry? It was feeling crumby.,FALSE,
705,"I met this girl on a dating site and, I don't know, we just clicked.",FALSE,
706,What’s Forest Gump’s Facebook password? 1forest1,FALSE,
707,What time is it? I don't know... it keeps changing.,FALSE,
708,I've been trying to come up with a dad joke about momentum . . . but I just can't seem to get it going.,FALSE,
709,Where do owls go to buy their baby clothes? The owlet malls.,FALSE,
710,Why did the coffee file a police report? It got mugged.,FALSE,
711,"If at first you don't succeed, sky diving is not for you!",FALSE,
712,"What is the least spoken language in the world?
Sign Language",FALSE,
713,I saw my husband trip and fall while carrying a laundry basket full of ironed clothes. I watched it all unfold.,FALSE,
714,I heard there was a new store called Moderation. They have everything there,FALSE,
715,Why is it so windy inside an arena? All those fans.,FALSE,
716,Why do choirs keep buckets handy? So they can carry their tune,FALSE,
717,Why was the robot angry? Because someone kept pressing his buttons!,FALSE,
718,"Did you hear about the new restaurant on the moon? The food is great, but there’s just no atmosphere.",FALSE,
719,"What do you do when you see a space man?
Park your car, man.",FALSE,
720,Did you know crocodiles could grow up to 15 feet? But most just have 4.,FALSE,
721,"What did the judge say to the dentist? Do you swear to pull the tooth, the whole tooth and nothing but the tooth?",FALSE,
722,Did you know that ghosts call their true love their ghoul-friend?,FALSE,
723,Why does a Moon-rock taste better than an Earth-rock? Because it's a little meteor.,FALSE,
724,People saying 'boo! to their friends has risen by 85% in the last year.... That's a frightening statistic.,FALSE,
725,"Never Trust Someone With Graph Paper...

They're always plotting something.",FALSE,
726,Why did the scarecrow win an award? Because he was outstanding in his field.,FALSE,
727,Why did the chicken get a penalty? For fowl play.,FALSE,
728,A doll was recently found dead in a rice paddy. It's the only known instance of a nick nack paddy wack.,FALSE,
729,"Want to hear my pizza joke? Never mind, it's too cheesy.",FALSE,
730,Why didn't the number 4 get into the nightclub? Because he is 2 square.,FALSE,
731,My first time using an elevator was an uplifting experience. The second time let me down.,FALSE,
732,What did the shy pebble wish for? That she was a little boulder.,FALSE,
733,What does a pirate pay for his corn? A buccaneer!,FALSE,
734,"I fear for the calendar, its days are numbered.
",FALSE,
735,which flower is most fierce? Dandelion,FALSE,
736,"A horse walks into a bar. The bar tender says ""Hey."" The horse says ""Sure.""",FALSE,
737,Two peanuts were walking down the street. One was a salted.,FALSE,
738,Who is the coolest Doctor in the hospital? The hip Doctor!,FALSE,
739,Two silk worms had a race. They ended up in a tie.,FALSE,
740,Parallel lines have so much in common. It’s a shame they’ll never meet.,FALSE,
741,"A weasel walks into a bar. The bartender says, ""Wow, I've never served a weasel before. What can I get for you?""
""Pop,"" goes the weasel.",FALSE,
742,"A panda walks into a bar and says to the bartender “I’ll have a Scotch and . . . . . . . . . . . . . . Coke thank you”. 

“Sure thing” the bartender replies and asks “but what’s with the big pause?” 

The panda holds up his hands and says “I was born with them”",FALSE,
743,The word queue is ironic. It's just q with a bunch of silent letters waiting in line.,FALSE,
744,Someone broke into my house last night and stole my limbo trophy. How low can you go?,FALSE,
745,What biscuit does a short person like? Shortbread.,FALSE,
746,Did you hear about the Mexican train killer? He had loco motives,FALSE,
747,What do you call a group of disorganized cats? A cat-tastrophe.,FALSE,
748,"What is a centipedes's favorite Beatle song?  I want to hold your hand, hand, hand, hand...",FALSE,
749,The great thing about stationery shops is they're always in the same place...,FALSE,
750,When does a joke become a dad joke? When it becomes apparent.,FALSE,
751,"Hey, dad, did you get a haircut? ""No, I got them all cut.""",FALSE,
752,"Do you want a brief explanation of what an acorn is? In a nutshell, it's an oak tree.",FALSE,
753,How do locomotives know where they're going? Lots of training,FALSE,
754,What's the difference between a poorly dressed man on a tricycle and a well dressed man on a bicycle? Attire.,FALSE,
755,Why was the strawberry sad? Its parents were in a jam.,FALSE,
756,I dreamed about drowning in an ocean made out of orange soda last night. It took me a while to work out it was just a Fanta sea.,FALSE,
757,Why did the house go to the doctor? It was having window panes.,FALSE,
758,"Our wedding was so beautiful, even the cake was in tiers.",FALSE,
759,"I got a reversible jacket for Christmas, I can't wait to see how it turns out.",FALSE,
760,What do prisoners use to call each other? Cell phones.,FALSE,
761,Every machine in the coin factory broke down all of a sudden without explanation. It just doesn’t make any cents.,FALSE,
762,I used to work for a soft drink can crusher. It was soda pressing.,FALSE,
763,What do you call a cow with no legs? Ground beef.,FALSE,
764,Why do mathematicians hate the U.S.? Because it's indivisible.,FALSE,
765,"A man is washing the car with his son. The son asks...... ""Dad, can’t you just use a sponge?""",FALSE,
766,Why is there always a gate around cemeteries? Because people are always dying to get in.,FALSE,
767,"What did the hat say to the scarf?
You can hang around. I'll just go on ahead.
",FALSE,
768,A book just fell on my head. I only have my shelf to blame.,FALSE,
769,"What's the worst part about being a cross-eyed teacher?

They can't control their pupils.",FALSE,
770,I was shocked when I was diagnosed as colorblind... It came out of the purple.,FALSE,
771,I went to the store to pick up eight cans of sprite... when I got home I realized I'd only picked seven up,FALSE,
772,Want to hear a chimney joke? Got stacks of em! First one's on the house,FALSE,
773,I am terrified of elevators. I’m going to start taking steps to avoid them.,FALSE,
774,A butcher accidentally backed into his meat grinder and got a little behind in his work that day.,FALSE,
775,"What do you call a gorilla wearing headphones? Anything you'd like, it can't hear you.",FALSE,
776,What do you call an old snowman? Water.,FALSE,
777,"The other day, my wife asked me to pass her lipstick but I accidentally passed her a glue stick. She still isn't talking to me.",FALSE,
778,Do you know where you can get chicken broth in bulk? The stock market.,FALSE,
779,What do you call a fish wearing a bowtie? Sofishticated.,FALSE,
780,What does a female snake use for support? A co-Bra!,FALSE,
781,"For Valentine's day, I decided to get my wife some beads for an abacus.  It's the little things that count.",FALSE,
782,"Did you hear about the kidnapping at school? It's ok, he woke up.",FALSE,
783,"Guy told me today he did not know what cloning is. I told him, ""that makes 2 of us.""",FALSE,
784,"Geology rocks, but Geography is where it's at!",FALSE,
785,Why is it a bad idea to iron your four-leaf clover? Cause you shouldn't press your luck.,FALSE,
786,"Q: What did the spaghetti say to the other spaghetti?
A: Pasta la vista, baby!",FALSE,
787,What did the beaver say to the tree? It's been nice gnawing you.,FALSE,
788,Without geometry life is pointless.,FALSE,
789,What do you call a snake who builds houses? A boa constructor!,FALSE,
790,Why did the girl smear peanut butter on the road? To go with the traffic jam.,FALSE,
791,"I got fired from the transmission factor, turns out I didn't put on enough shifts...",FALSE,
792,The rotation of earth really makes my day.,FALSE,
793,"I used to think I was indecisive, but now I'm not sure.",FALSE,
794,"I tried to milk a cow today, but was unsuccessful. Udder failure.",FALSE,
795,Why did the m&m go to school? Because it wanted to be a Smartie!,FALSE,
796,What's black and white and read all over? The newspaper.,FALSE,
797,I went to the zoo yesterday and saw a baguette in a cage. It was bread in captivity.,FALSE,
798,Did you hear about the chameleon who couldn't change color? They had a reptile dysfunction.,FALSE,
799,"I thought my wife was joking when she said she'd leave me if I didn't stop signing ""I'm A Believer""... Then I saw her face.",FALSE,
800,"Dad, I'm hungry. Hello, Hungry. I'm Dad.",FALSE,
801,"In my career as a lumberjack I cut down exactly 52,487 trees. I know because I kept a log.",FALSE,
802,What do you call a fake noodle? An impasta.,FALSE,
803,"A girl once asked me what my heart desired, apparently blood, oxygen and neural messages were all wrong answers",FALSE,
804,"I knew I shouldn't steal a mixer from work, but it was a whisk I was willing to take.",FALSE,
805,What do you call a pile of cats?  A Meowtain.,FALSE,
806,What has a bed that you can’t sleep in? A river.,FALSE,
807,I think circles are pointless.,FALSE,
808,A beekeeper was indicted after he confessed to years of stealing at work. They charged him with emBEEzlement,FALSE,
809,A man tried to sell me a coffin today. I told him that's the last thing I need.,FALSE,
810,What happens to a frog's car when it breaks down? It gets toad.,FALSE,
811,Camping is intense.,FALSE,
812,"Doctor you've got you help me, I'm addicted to twitter. Doctor: I don't follow you.",FALSE,
813,Why was the shirt happy to hang around the tank top? Because it was armless,FALSE,
814,"If a child refuses to sleep during nap time, are they guilty of resisting a rest?",FALSE,
815,Why are fish so smart? Because they live in schools!,FALSE,
816,What is bread's favorite number?  Leaven.,FALSE,
817,"As I suspected, someone has been adding soil to my garden. The plot thickens.",FALSE,
818,"My boss told me that he was going to fire the person with the worst posture. I have a hunch, it might be me.",FALSE,
819,Velcro… What a rip-off.,FALSE,
820,I’m on a whiskey diet. I’ve lost three days already.,FALSE,
821,What do you call your friend who stands in a hole? Phil.,FALSE,
822,Why do you never see elephants hiding in trees? Because they're so good at it.,FALSE,
823,Milk is also the fastest liquid on earth – its pasteurized before you even see it,FALSE,
824,What do you get if you cross a turkey with a ghost? A poultry-geist!,FALSE,
825,Where does Fonzie like to go for lunch? Chick-Fil-Eyyyyyyyy.,FALSE,
826,What kind of tree fits in your hand? A palm tree!,FALSE,
827,Have you heard the story about the magic tractor? It drove down the road and turned into a field.,FALSE,
828,What do computers and air conditioners have in common? They both become useless when you open windows.,FALSE,
829,How many kids with ADD does it take to change a lightbulb? Let's go ride bikes!,FALSE,
830,What’s the longest word in the dictionary? Smiles. Because there’s a mile between the two S’s.,FALSE,
831,Dad I’m hungry’ … ‘Hi hungry I’m dad,FALSE,
832,Why don’t skeletons ever go trick or treating? Because they have nobody to go with.,FALSE,
833,What did the father tomato say to the baby tomato whilst on a family walk? Ketchup.,FALSE,
834,Why do bears have hairy coats? Fur protection.,FALSE,
835,Conjunctivitis.com – now that’s a site for sore eyes.,FALSE,
836,The best time on a clock is 6:30--hands down.,FALSE,
837,"As I get older, I think of all the people I lost along the way. Maybe a career as a tour guide wasn't such a good idea.",FALSE,
838,What did the dog say to the two trees? Bark bark.,FALSE,
839,A termite walks into a bar and asks “Is the bar tender here?”,FALSE,
840,What do you call a duck that gets all A's? A wise quacker.,FALSE,
841,Why should you never trust a pig with a secret? Because it's bound to squeal.,FALSE,
842,To the person who stole my anti-depressant pills: I hope you're happy now.,FALSE,
843,what happens when you cross a sheep with a kangaroo ? A woolly jumper!,FALSE,
